dsa,projects,iq,cgpa,attendance,company
90,5,126,8.9,93,8
32,2,95,6.18,59,2
35,0,97,5.672409851349687,56,0
31,2,86,5.59,52,0
55,2,113,6.98,73,4
41,2,92,6.24,59,2
87,7,135,8.86,87,9
33,0,101,5.57,56,1
55,2,113,7.76,79,5
53,3,116,7.7,71,4
67,4,128,7.75,78,6
87,6,126,8.88,81,8
87,6,134,9.19,83,8
46,3,99,6.48,76,3
31,0,90,6.71,54,1
51,3,105,6.8,57,2
81,5,132,8.37,83,8
45,3,113,7.51,66,4
92,8,146,8.87,88,9
100,5,127,9.022337671944507,91,8
29,3,100,6.34,60,1
87,10,143,9.6,100,9
49,2,120,7.24,60,4
41,4,113,6.5,67,3
82,6,142,8.77,94,8
66,5,124,7.57,72,6
74,3,126,7.72,88,6
55,3,115,7.43,79,6
98,8,141,9.9,92,9
87,5,130,9.06,95,8
72,7,125,8.19,89,7
40,1,82,6.2,63,0
78,8,134,8.75,83,8
65,2,114,7.76,67,4
99,10,139,9.43,96,9
67,6,110,7.2006749990824686,88,6
73,7,116,8.77,79,7
49,2,109,7.03,61,4
48,3,88,6.33,53,1
46,3,96,6.3,62,1
46,1,108,6.24,69,2
72,6,121,8.16,81,6
28,0,93,5.81,57,1
24,1,84,6.45,47,0
87,6,120,8.41,85,8
71,7,132,8.75,81,7
84,5,135,8.4,87,7
79,8,124,8.78,88,8
90,4,128,8.825012991185247,92,7
57,3,115,6.5,75,3
59,2,104,7.2,62,3
58,3,115,7.76,79,4
37,2,86,6.08,41,0
69,3,114,7.29,72,5
42,0,92,5.5,59,0
66,5,132,8.8,77,7
55,2,109,6.73,62,2
34,2,100,6.8,54,2
59,4,118,6.81,74,4
79,7,124,8.68,90,8
29,3,88,6.89,57,1
59,4,111,7.3,75,3
72,6,128,7.61,87,6
39,2,90,6.19,67,1
88,8,126,8.39,86,8
93,10,140,9.7,94,9
59,2,124,7.88,84,5
49,1,98,6.15,50,2
61,5,111,7.16,80,5
44,3,103,6.97,51,2
96,9,134,9.44,90,9
55,3,103,6.17,52,2
43,2,99,7.27,60,3
89,6,148,8.95,88,9
50,4,125,7.49,70,5
34,1,89,6.27,40,0
78,5,122,8.41,91,8
85,7,129,8.85,87,8
31,1,85,5.19,41,0
35,0,97,5.19,55,0
47,1,104,7.38,78,3
40,2,88,6.06,59,1
69,4,131,8.22,84,7
26,2,88,5.68,57,0
41,4,96,6.78,62,3
52,1,105,6.76,75,3
43,3,95,6.63,66,2
36,1,87,5.94,62,1
46,1,94,5.7255553528350225,69,2
25,1,98,6.55,63,1
33,1,89,5.63,41,0
97,9,132,9.66,100,9
91,7,128,8.92,95,9
30,3,96,6.68,51,1
46,5,125,8.382902550222395,78,5
46,1,104,6.89,55,3
27,1,88,5.69,45,1
49,4,110,7.11,70,4
68,4,120,7.29,83,5
90,7,145,9.97099527800166,98,9
99,8,146,9.02,96,9
58,5,124,8.11,87,6
50,3,123,7.99,66,5
67,3,107,7.65,70,5
79,4,130,8.19,85,7
99,9,131,9.66,87,9
75,5,127,7.57,83,6
20,1,90,6.26,43,0
57,2,95,6.98,56,3
50,3,106,6.165992222910245,53,2
87,5,127,9.24,86,8
64,2,109,6.84,61,4
65,3,121,8.01,86,6
53,4,113,6.89,73,4
54,1,109,7.06,78,3
47,2,94,5.6843643304082105,51,1
87,10,129,8.97,96,9
60,4,106,7.42,66,4
94,7,133,9.09,87,9
61,2,108,7.9,79,5
77,7,122,9.0,91,8
31,1,109,7.15,64,2
82,7,123,8.94,87,8
65,5,133,8.44,76,7
34,1,88,6.37,55,0
41,2,106,6.26,54,2
67,6,120,8.59,92,7
95,6,129,9.91,97,9
94,9,133,9.3,97,9
76,8,139,8.96,90,8
62,2,110,7.57,70,4
98,7,143,9.48,94,9
50,6,116,7.738505196342544,86,6
49,1,96,6.15,53,1
25,2,93,6.49,52,0
34,1,86,7.5573156336282015,56,1
50,2,106,7.99,84,5
93,8,133,8.87,100,9
65,5,117,7.91,82,7
45,3,99,5.989467874047127,73,2
78,7,134,8.86,80,8
55,2,103,6.88,68,4
62,5,110,7.31,83,6
56,2,111,6.5,66,3
83,5,139,8.82,93,8
96,6,136,8.963633159608673,83,8
58,3,109,6.96,66,4
71,6,127,8.37,88,7
89,5,122,8.5,92,8
59,2,111,6.76,68,3
93,8,143,9.78,85,9
47,3,100,7.48,60,4
48,3,97,7.05,72,3
20,0,88,5.12,53,0
82,5,135,8.76,85,8
60,2,109,7.05,67,5
65,4,117,8.77,83,7
56,4,114,7.58,70,4
41,3,95,6.94,68,3
47,4,105,6.991074135760391,80,5
61,4,106,7.92,72,5
84,6,137,8.9,81,8
61,4,113,7.57,82,4
46,2,114,7.57,82,4
75,6,119,8.06,87,6
43,1,89,5.91,42,0
46,4,112,6.35,76,3
62,3,122,7.46,76,5
48,2,93,6.77,63,2
45,1,82,5.07,55,0
50,1,112,6.49,56,3
82,7,126,7.91,90,7
69,7,117,8.27,85,7
50,4,108,7.76,75,5
45,2,106,7.22,61,3
51,4,120,7.32,71,5
75,7,135,8.92,84,8
65,3,111,7.65,72,5
81,6,140,8.66,80,8
76,4,126,8.48,86,7
24,0,88,5.65,50,0
52,2,101,7.1,57,3
32,0,85,5.58,63,1
42,1,82,5.42,65,0
92,7,139,8.66,80,8
70,4,113,8.0,70,6
54,4,109,7.97,70,5
23,1,88,5.00678508457525,46,0
70,5,121,7.775597140135094,80,5
33,0,98,5.86,57,1
77,6,118,8.52,76,7
51,4,119,7.67,72,4
66,7,116,7.859735746302898,90,7
44,3,102,6.65,56,2
46,3,103,7.07,52,2
56,4,95,6.51,76,3
51,1,103,5.489429419538971,71,2
35,2,91,6.2,42,0
60,4,111,7.27,56,3
21,2,89,6.44,60,0
37,1,85,6.91,57,1
87,7,149,9.07,99,9
31,1,105,6.51,73,2
59,6,125,7.47,86,6
89,8,127,8.31,89,8
92,8,142,9.02,96,8
44,1,90,5.65,53,1
89,8,135,8.99,85,8
40,3,108,7.16,60,3
57,2,108,7.79,66,4
65,5,120,8.12,74,6
59,5,107,7.62,81,5
52,2,104,6.02,60,2
47,1,107,6.98,78,3
69,3,123,7.17,76,5
57,4,107,7.95,82,5
81,8,134,8.87,91,8
32,0,103,6.240685405993094,49,1
36,1,102,7.004356895794986,58,3
90,7,128,8.54,86,8
91,9,148,9.04,95,9
69,5,127,7.4,87,6
76,4,134,7.89,92,7
24,2,83,6.41,63,0
45,1,105,6.7,60,1
87,9,140,9.86,88,9
82,6,135,8.33,90,7
45,3,97,6.5507249520777355,69,3
54,2,119,7.79,77,4
35,2,92,5.09,42,0
71,5,131,8.31,87,7
64,2,112,7.34659457853293,80,4
54,2,120,7.52,74,4
92,8,141,9.021323163703782,93,8
33,1,95,6.84,53,1
60,2,105,6.7,71,3
65,3,114,7.43,85,5
83,6,129,8.99,96,8
61,4,122,7.21,77,5
41,3,112,6.820965363189497,63,3
50,1,95,6.35,58,2
55,1,94,7.17,50,2
26,1,86,5.72,59,0
85,7,139,9.08,90,9
39,0,84,5.26,55,0
54,2,109,6.48,64,2
36,2,87,6.16,50,1
83,7,131,8.98,93,8
92,7,140,9.58,96,9
63,4,107,7.51,79,5
52,3,117,7.13,74,5
78,8,133,8.67,91,8
47,4,113,7.27,63,3
44,0,96,5.73,54,1
97,9,143,8.86,87,9
20,0,87,5.723341103862508,43,0
84,6,132,9.29,87,8
53,1,115,7.16,66,3
39,0,105,6.18,52,1
67,7,122,7.84,89,7
55,2,95,6.59,66,3
43,2,85,6.62,52,1
49,2,110,7.03,65,3
66,3,121,7.89,84,6
92,6,140,9.14,97,9
52,3,119,6.94,71,4
68,7,131,8.64,80,7
60,6,120,8.23,77,6
50,4,107,7.34,67,4
41,0,99,5.668433545616161,66,1
49,2,112,7.31,59,3
55,2,123,7.2,70,5
51,2,122,7.94,78,5
97,8,137,9.5,96,9
25,1,89,6.18,47,1
80,7,117,7.87,80,7
26,0,94,5.33,64,0
53,4,112,7.27,65,4
54,0,95,5.298628029304491,46,0
80,5,133,8.51,95,8
57,3,119,7.1,77,4
36,1,94,5.37,43,0
35,1,81,5.91,60,0
50,1,92,5.6,56,1
76,7,116,8.06,91,7
44,1,100,7.3,64,3
64,4,122,7.93,66,5
44,0,96,6.28,59,1
37,1,92,6.36,74,2
54,2,94,7.19,57,2
55,4,105,7.3,79,5
82,5,134,8.33,88,7
85,9,142,9.17,85,9
76,8,127,9.02,89,8
58,3,107,7.23,66,3
64,2,107,7.24,67,5
78,5,126,8.27,77,7
37,0,96,6.22,50,1
42,2,94,5.78,46,1
88,6,126,8.195728746229605,83,7
25,3,104,6.39,66,1
51,3,107,6.18,69,2
57,3,102,7.43,82,4
61,4,115,7.71,79,6
62,3,119,7.14,78,4
37,1,97,6.19,50,1
52,2,99,6.87,59,2
66,5,129,8.19,85,7
50,3,111,6.92,80,4
60,1,101,7.34,56,3
97,10,146,9.64,97,9
71,5,118,8.21,78,6
50,4,109,6.44,62,3
50,3,104,7.66,81,4
26,2,101,5.88,65,1
92,6,136,8.69,96,8
88,7,121,9.2,88,8
51,2,96,6.578371605934862,53,2
100,10,145,9.48,85,9
53,3,107,6.81,72,3
26,0,99,5.22,48,0
68,5,122,8.31,81,7
47,4,113,6.46,74,3
36,2,82,5.99,42,0
52,1,112,7.19,55,3
30,3,87,5.54,46,1
88,10,136,8.97,97,9
65,4,115,8.16,87,6
90,8,149,9.58,93,9
48,3,114,7.43,78,4
68,6,121,8.29,70,6
34,1,95,6.63,61,2
40,2,114,7.14916133689746,82,4
49,2,101,6.71,57,3
58,5,121,7.45,79,5
89,5,132,8.182656931210477,89,8
50,1,99,7.04,66,2
70,5,135,8.76,77,7
41,3,110,6.29,67,2
51,4,117,7.41,82,5
82,8,138,8.94,83,8
28,1,90,5.0738732295090925,51,0
84,5,140,9.02,84,8
47,2,86,5.9,62,1
73,7,126,8.33,92,7
32,3,95,6.37,61,2
68,7,132,8.79,75,7
61,4,114,7.33,88,6
48,2,95,6.62,57,3
64,6,111,7.66,74,6
100,7,131,8.743688580195537,90,8
45,0,89,5.19,41,0
57,3,103,7.74,60,4
88,7,142,9.75,93,9
58,1,97,7.1,61,3
40,3,106,6.89,70,2
23,0,88,5.08,46,0
43,4,111,6.957635958990755,76,3
40,1,100,6.81,75,2
76,5,133,9.01,84,8
75,5,120,8.838758827715981,80,7
92,7,129,8.708829856174223,100,9
61,2,108,6.96,81,4
38,4,111,6.678896006195416,75,3
75,7,120,8.88,87,8
28,2,91,6.36,51,0
31,0,97,5.66,51,1
28,2,84,5.06,62,0
20,1,91,5.992953322769164,51,0
45,2,90,6.29,57,2
48,4,114,7.51,82,4
84,6,137,8.93,84,8
51,3,98,6.35,60,3
43,1,91,6.48,54,0
58,3,122,7.96,79,6
77,6,142,8.67,84,8
66,2,105,7.62,72,5
56,3,117,7.52,64,4
36,2,91,6.93,55,2
44,3,102,6.11,60,2
60,3,117,8.039878201179443,71,6
74,5,126,8.58,85,7
96,9,135,9.19,96,9
31,1,108,6.96,72,2
62,3,125,7.86,72,5
93,10,133,8.87,96,9
49,2,104,6.79,66,2
46,2,103,5.9,52,1
98,10,144,9.16,96,9
50,3,106,7.87,67,5
48,3,102,5.51,58,1
20,0,98,6.36,65,0
35,2,101,6.26,62,2
91,8,138,8.8,97,9
44,1,114,6.9,55,3
60,1,111,6.72,70,3
84,7,121,8.34,84,8
65,1,109,7.700222232484458,60,3
69,3,106,7.53,73,5
27,2,91,6.24,51,1
58,2,115,7.75,75,5
88,5,131,8.61,84,8
87,10,130,9.22,100,9
70,2,114,7.03,76,5
34,2,102,6.33,66,2
62,3,117,7.52,84,6
47,3,93,6.6,68,2
94,8,133,9.57,98,9
75,5,119,8.66,89,7
20,0,96,5.54,62,0
35,1,82,6.27,47,0
59,2,103,6.98,79,4
50,0,95,5.79,67,1
42,3,95,7.14,57,3
85,6,137,9.25,82,8
53,1,114,7.47,72,3
91,7,122,8.45,83,8
40,1,101,7.07,74,3
41,3,97,6.68,62,2
60,1,107,6.77,80,3
77,5,123,9.09,91,8
66,5,121,8.43,76,7
35,2,109,6.72,64,2
75,8,122,8.79,83,8
49,1,100,6.25,63,2
42,2,89,5.7,54,0
90,8,129,9.28,91,8
39,0,102,6.837344686043735,69,1
94,8,128,9.45,99,9
67,6,123,7.84,74,6
62,5,121,7.76,73,5
38,0,100,6.35,46,1
48,4,103,7.75,77,4
25,0,90,5.57,55,0
61,5,113,8.03,84,6
65,6,122,7.67,70,6
88,5,126,9.24,84,8
52,3,113,6.96,80,4
97,8,145,9.17,90,9
36,1,93,6.56,66,1
38,2,103,5.87,57,1
48,0,101,6.72,55,1
94,7,145,8.743051742555647,99,9
79,6,129,8.53,87,8
30,3,97,5.66,49,1
55,4,99,6.61,77,3
68,2,125,7.45,71,5
97,6,129,9.79,89,9
81,4,135,8.39,82,7
60,4,114,7.32,80,6
67,3,117,7.9384700156896235,86,6
59,3,103,7.39,70,3
98,10,145,9.39,98,9
55,4,113,7.89,79,5
33,0,90,5.23,55,0
55,2,110,7.45,67,5
62,3,128,7.53,80,6
80,6,122,8.6,76,7
84,7,138,8.66,92,8
30,0,96,6.43,60,0
78,6,120,7.454732653211285,77,7
68,7,135,8.56,92,7
75,4,134,8.23,81,7
87,7,139,9.06,94,9
52,2,108,7.41,81,5
79,5,122,8.31,92,8
85,10,141,9.54,98,9
65,4,114,7.75,84,6
95,6,139,9.3,95,9
83,6,134,8.45,88,7
63,3,123,7.05,68,5
40,0,80,6.24,43,0
98,8,131,9.0,91,9
35,0,96,6.01,69,1
40,3,102,5.65,65,1
98,8,135,9.06,85,9
48,2,102,6.67,66,3
33,2,100,6.26,51,1
67,4,121,7.84,79,7
50,3,91,6.68,68,1
42,3,109,6.62,64,3
94,8,137,9.65,95,9
51,3,98,6.75,75,2
56,2,105,5.685199347209415,66,1
69,6,128,8.59,75,7
33,2,100,5.46,40,0
64,2,119,7.86,77,5
92,7,136,8.53,84,8
55,3,116,8.08,70,6
40,1,82,5.86,51,0
91,9,142,9.72,95,9
61,4,111,7.7,77,4
55,3,111,7.1,79,4
60,4,101,7.0,74,4
39,3,108,6.75,54,2
61,3,112,8.12,87,6
40,0,105,6.05,55,1
51,3,101,6.85,77,3
42,2,85,5.96,47,0
74,3,116,8.643352345573016,83,6
30,2,96,5.9844984268899815,65,0
74,6,114,7.89,75,6
45,3,111,6.61,65,3
23,2,95,5.92,47,0
89,8,143,9.47,87,9
60,2,102,7.28,76,4
65,3,109,7.07,78,5
52,3,111,7.18,75,4
57,5,125,7.04,82,5
80,5,122,8.61,82,8
99,6,148,9.68,100,9
85,7,120,8.62,82,8
65,6,123,8.35,75,7
48,0,90,6.76,59,1
33,1,105,5.56,55,1
63,5,118,7.83,78,5
63,5,113,7.18,78,5
30,1,98,7.2823191126352675,67,2
83,7,122,9.2,80,8
49,4,108,7.08,80,3
58,2,100,7.66,78,4
85,5,127,8.4,90,8
65,4,127,8.06,82,7
85,5,127,7.99,84,7
81,5,126,8.76,89,7
98,7,133,9.06,89,9
68,3,110,7.48,82,5
62,4,111,7.5,86,6
86,9,137,9.32,89,9
48,2,109,6.87,65,4
31,0,95,5.05,50,0
59,4,104,6.87,74,4
69,7,115,8.43,77,7
41,0,83,5.87,60,0
58,5,123,7.62,85,6
86,10,137,9.67,88,9
99,6,128,9.97,88,9
99,7,128,9.02,98,9
85,8,130,8.81,80,8
43,2,97,6.77,46,1
78,7,123,8.52,88,7
63,3,121,7.72,79,6
41,3,106,7.02,66,3
56,0,101,6.051737916752088,49,1
36,3,93,7.1,61,2
54,4,118,7.44,83,5
30,3,100,7.11,56,2
74,5,119,8.053029018580817,87,7
28,1,86,5.91,59,1
52,2,109,7.56,60,4
50,4,99,7.32,71,3
45,3,87,5.52,69,1
98,10,147,9.22,97,9
37,2,105,6.26,61,2
61,2,120,7.27,61,4
60,2,101,7.55,64,4
84,4,132,8.46,91,7
67,4,128,8.8,80,7
35,2,94,7.19,59,2
84,6,126,8.31,88,8
55,2,108,8.234691992699803,71,4
73,6,123,7.96,88,6
61,4,116,7.67,81,4
55,2,111,7.2,55,3
48,2,115,7.63,69,4
20,1,85,5.64,42,0
67,6,115,7.62,84,6
67,4,118,8.11,78,7
31,0,88,6.003022674896995,69,1
85,5,122,8.44,91,7
50,4,107,6.43,63,3
88,8,121,8.88,81,8
85,8,146,9.92,99,9
51,2,112,7.65,67,4
80,5,121,8.14,91,7
53,4,113,7.35,68,5
97,10,134,9.19,96,9
41,3,108,6.63,54,2
47,3,111,6.71,67,3
41,0,80,5.73,58,0
60,4,124,8.25,81,6
76,8,140,9.35,88,8
57,5,109,7.24,65,5
70,3,124,7.77,81,5
46,4,115,7.15,80,4
32,2,81,5.59,49,0
47,2,117,7.48,64,4
62,5,114,7.38,83,6
61,2,116,7.090743661095442,67,4
20,2,89,6.47,42,0
37,2,89,6.779671569274403,45,1
58,2,107,6.97,73,4
50,4,106,7.8,70,4
28,2,80,5.16,59,0
53,1,97,7.25,59,3
59,4,96,7.44,70,3
79,5,129,8.45,85,8
53,5,120,7.78,72,5
59,4,110,7.84,70,5
68,4,108,7.69,70,5
31,0,99,5.5468717346609475,46,0
39,3,90,5.54,64,1
78,7,122,8.54,77,7
48,0,90,6.94,48,1
89,6,136,8.44,96,8
70,2,122,7.44,74,5
35,1,93,6.24,55,1
89,8,135,9.96,89,9
55,4,121,7.81,85,6
44,3,101,6.51,50,1
52,4,112,6.61,61,3
59,2,119,6.89,81,4
34,3,104,6.56,75,2
64,3,114,7.363766838393703,75,5
55,5,108,7.37,73,5
21,1,104,7.32107109116915,62,2
52,2,107,6.96,73,4
37,1,96,6.66,53,2
81,5,130,8.699791568989315,80,8
48,4,118,6.83,78,4
59,5,122,7.44,80,6
73,7,120,8.65,83,7
29,2,92,6.81,66,1
49,0,94,6.75,70,1
76,6,121,8.96,87,8
55,4,117,7.16,82,4
57,4,104,7.27,78,4
50,3,111,6.98,61,3
62,4,112,6.94,67,4
21,1,81,5.7,65,0
64,2,104,7.45,63,4
98,6,141,8.98,97,9
86,8,139,8.93,89,8
55,1,107,7.1,67,3
50,1,115,6.84,64,3
80,6,128,9.16,90,8
56,4,119,7.48,66,5
58,3,117,7.92,78,5
64,3,102,7.43,77,4
63,3,106,7.56,79,5
85,5,130,8.6,86,8
50,2,95,6.85,79,3
49,1,88,6.5,46,1
26,0,88,5.32,56,0
85,4,131,8.76,90,7
48,2,93,6.06,56,1
33,2,98,5.013079706306568,47,0
84,5,117,8.48,81,7
88,9,146,9.42,96,9
93,8,144,9.23,90,9
87,4,131,8.200042620806364,77,7
66,7,119,8.66,76,7
74,4,119,8.43,92,7
81,7,134,8.3,91,7
74,7,117,7.97,90,7
50,5,118,7.5,67,5
77,4,117,7.726289293542095,65,5
73,5,117,7.740323970014687,91,7
57,1,101,6.47,63,3
54,2,101,6.94,75,3
50,1,111,6.257973615223542,66,3
45,4,109,6.34,56,3
49,1,114,7.16,57,3
53,1,109,7.23,65,3
50,4,117,7.2,65,4
90,7,132,8.69,80,8
86,7,142,9.21,84,8
55,6,135,8.70123878476455,77,7
71,4,134,7.82,92,7
39,1,108,6.08,59,2
59,2,111,7.71,72,5
41,2,114,7.23,60,3
58,3,124,7.86,85,6
64,3,118,6.85,60,4
70,4,130,7.93,84,7
63,6,113,7.53,75,6
98,7,137,9.67,93,9
40,1,101,7.17,72,3
83,7,132,8.73,95,8
61,4,128,8.09,81,6
32,1,109,6.273505831048123,80,3
76,7,138,8.97,90,8
42,0,99,5.35,50,0
96,8,133,9.99,99,9
81,6,116,8.1,90,7
56,3,125,8.25,71,6
86,7,140,9.36,86,9
64,5,118,6.577045996077147,67,5
64,7,123,8.308718148947714,89,7
46,1,88,5.586054438325214,44,0
62,3,115,7.44,65,5
66,3,128,7.36,87,6
72,5,114,8.18,72,6
41,1,97,7.2,54,2
82,6,113,7.497635907511495,80,6
44,0,97,5.97,68,1
65,5,127,8.696572270987454,82,8
69,3,109,8.0,85,5
99,6,137,9.43,86,9
92,6,139,8.552014528349968,81,8
49,4,110,7.14,75,4
25,0,88,6.89,68,1
32,1,109,6.16,51,2
74,4,130,7.95,80,7
87,4,126,8.027998019548585,86,7
84,8,138,8.36,96,8
41,2,93,5.12,47,0
64,5,121,7.32,72,6
37,1,87,5.05,49,0
61,5,130,7.92,87,6
26,0,88,5.7439880419752285,60,0
76,8,123,8.47,91,8
51,3,103,7.78,73,4
64,2,106,6.87,62,4
59,5,123,7.33,82,5
81,7,135,8.94,83,8
40,0,95,6.05,63,1
84,6,118,8.75,76,7
40,1,96,6.14,49,0
55,2,94,7.04,67,2
74,3,110,8.08,82,6
90,6,133,8.84,95,8
99,8,128,9.91,85,9
58,3,102,7.05,81,4
98,7,131,9.71,98,9
68,4,105,7.96,85,5
32,1,90,6.13,55,0
66,2,105,6.953869821906282,65,4
58,4,127,8.02,80,6
65,6,119,8.677229630437369,86,7
57,2,107,7.68,78,5
90,7,135,8.58,81,8
61,4,114,6.85,60,4
69,2,121,7.46,72,5
43,1,93,6.96,70,1
51,5,117,7.230904979561401,81,5
85,10,136,9.55,89,9
84,6,134,8.11,79,7
36,0,96,6.31,48,0
41,1,87,5.23,45,0
92,9,138,9.7,92,9
68,5,122,7.85,77,7
33,3,103,6.91,55,2
71,5,116,7.68,78,6
95,10,150,9.67,92,9
85,8,128,9.24,100,9
66,7,126,8.69,92,7
42,2,90,6.723433677899948,57,2
23,2,81,5.49,56,0
69,3,118,7.94,73,5
86,6,134,9.034346978609427,95,8
43,1,99,6.6,50,1
70,6,121,8.25,70,6
37,2,96,5.49,47,0
67,5,133,8.47,80,7
64,3,112,7.28,81,5
54,4,116,7.51,83,5
30,1,91,6.31,65,2
43,1,113,7.35,61,3
26,2,94,6.03,60,1
82,5,123,8.3,78,7
76,8,136,9.37,88,8
72,6,123,8.65,76,7
92,10,150,9.84,99,9
67,6,115,8.28,90,7
65,7,134,8.6,89,7
95,8,134,8.97,87,9
72,5,117,8.19,86,7
95,7,130,9.85,96,9
53,5,108,7.5,78,5
76,7,115,8.01,86,7
54,1,105,6.91,51,2
100,9,136,9.884762621765278,94,9
88,10,141,9.18,99,9
71,4,130,7.4,74,6
51,2,104,6.78,61,3
79,6,118,8.0,87,7
55,2,115,7.49,81,4
93,9,133,8.83,91,9
70,5,110,8.26,77,6
51,0,87,5.103605436609568,40,0
49,2,93,6.43,60,2
52,3,97,7.23,74,3
85,6,132,7.84,79,7
46,1,100,6.82,75,3
70,4,117,7.57,73,6
75,4,131,8.27,86,7
98,8,132,8.82,90,9
46,2,109,6.81,64,4
70,5,116,7.52,72,5
61,5,122,7.64,73,6
42,1,91,6.26,62,2
83,6,136,9.34,83,8
76,7,131,9.22,93,8
37,1,86,5.48,63,0
42,2,100,5.64,62,0
61,3,98,7.379246307874172,66,2
36,0,101,5.78,55,1
50,2,99,7.43,76,3
59,1,96,7.09,74,3
31,3,106,7.08,52,2
100,7,135,9.68,97,9
100,8,126,9.282474910312478,93,8
52,3,98,7.11,71,2
30,3,100,6.659542414613921,67,1
69,3,124,7.84,82,5
86,8,149,9.53,86,9
100,8,143,9.16,91,9
60,4,111,6.71,72,3
66,3,106,7.6,70,5
84,7,118,8.41,85,7
22,1,93,5.1,42,0
35,1,99,6.48,61,2
54,4,100,7.03,62,4
57,2,107,7.55,84,5
27,0,96,6.57,55,1
30,0,93,6.33,42,0
69,4,119,7.84,75,6
54,3,108,6.32,70,2
50,1,98,6.21,61,2
31,1,95,6.98,73,2
29,1,84,5.909398540152244,47,0
92,9,146,9.87,92,9
58,3,128,7.56,73,6
31,3,106,7.377189353388227,68,2
31,3,99,6.78,67,2
57,2,110,6.56,78,3
43,4,115,7.14,68,3
87,5,142,9.33,83,8
50,5,119,7.72,81,5
31,2,91,5.71,43,0
54,4,112,7.12,65,5
76,4,135,7.87,87,7
55,3,105,7.71,75,4
55,5,119,7.97,74,6
69,6,119,8.44,79,7
79,6,126,9.33,88,8
81,4,131,8.08,87,7
50,4,120,6.8,82,4
48,2,115,7.38,70,4
58,3,114,7.03,60,4
95,7,129,9.04,99,9
80,4,128,8.75,84,7
98,10,132,9.58,90,9
41,2,90,5.85,51,1
67,5,132,8.76,81,7
41,3,107,6.73,68,3
36,1,105,5.95,60,1
92,10,150,9.3,91,9
51,2,108,7.43,83,5
65,3,107,7.55,76,4
38,0,92,5.39,65,0
31,3,101,5.52,70,1
83,4,118,8.57,82,7
45,2,112,7.18,68,3
69,6,121,8.35,92,7
80,8,135,8.44,93,8
39,1,93,6.25,60,1
54,4,120,7.530203289479502,83,7
81,4,118,7.9,80,7
40,0,89,6.97,46,1
92,7,130,9.35,88,8
70,6,122,7.42,75,6
68,4,133,8.34,86,7
40,1,83,5.15,49,0
54,2,110,6.33,65,2
60,3,102,7.29,61,4
61,2,118,7.41,79,5
42,1,99,5.85,40,0
47,2,100,5.117131962293578,40,0
34,0,95,5.89,58,1
76,6,122,9.17,96,8
63,3,110,7.7,69,4
42,4,107,6.77,68,3
86,5,139,8.5,82,8
68,2,121,7.42,83,5
47,1,101,6.02,63,1
77,7,118,8.22,91,7
50,1,100,6.39,61,1
34,2,98,6.85,61,1
48,2,101,7.01,73,3
61,3,110,6.96,67,4
85,8,122,9.09,90,8
58,3,114,7.57,78,4
52,2,104,7.07,59,2
35,0,80,6.2,63,0
45,1,99,5.69,64,1
87,8,132,8.73,87,8
21,0,89,5.19,47,0
49,3,110,6.87,71,4
23,2,86,5.57,64,0
74,7,121,8.12,92,7
48,1,99,7.14,66,2
44,1,89,5.42,48,0
46,3,109,7.09,77,3
100,10,135,9.3,88,9
46,1,108,7.25,66,3
58,4,105,7.24,63,4
63,2,113,7.51,78,5
60,4,130,7.89,87,6
20,2,95,6.5814897521727005,54,0
61,2,113,6.750799726190731,78,5
95,7,148,9.23,95,9
71,6,121,9.105316757961816,89,8
47,4,108,7.37,65,4
65,6,128,7.53,88,6
85,6,118,8.26897158680332,75,7
61,6,112,7.71,86,6
24,1,99,5.96,41,0
82,7,136,8.49,96,8
27,2,97,6.27,61,0
94,9,139,9.28,92,9
36,1,92,6.384884402223306,58,0
25,2,85,5.11,56,0
71,3,112,7.48,77,6
91,9,150,9.28,97,9
90,5,135,9.36,82,8
86,9,144,9.31,95,9
30,3,90,6.06,52,1
60,1,102,7.03,63,3
71,5,114,7.51,73,6
67,2,106,7.84,66,5
32,1,93,5.95,67,1
53,0,97,6.624290007055439,45,1
93,9,129,9.82,94,9
80,8,120,9.22,88,8
49,1,94,6.15,58,1
63,3,122,7.250939911836777,71,6
53,3,104,7.71,76,4
50,2,100,6.98,66,2
51,2,94,6.71,58,2
58,2,116,7.18,69,4
48,1,105,7.04,74,2
61,4,110,7.1,81,5
87,7,129,9.67,86,9
34,3,104,7.01,62,2
22,0,99,5.56,60,0
60,2,115,6.38,57,3
68,2,102,6.579663913874889,79,4
71,7,117,8.79,91,7
82,7,129,8.71,77,7
44,2,93,6.63,71,2
99,6,128,8.87,99,9
30,3,92,6.63,53,2
35,2,87,5.68,50,0
64,4,110,7.46,76,4
55,4,113,7.3,67,5
31,1,98,5.8,64,1
84,6,133,7.887703107763644,79,7
60,4,114,7.76,84,5
77,8,134,8.32,84,8
25,3,101,5.86,59,1
91,7,143,9.83,88,9
69,3,128,7.74,83,6
45,1,91,7.220467013532158,75,2
46,3,90,6.27,63,2
60,1,115,6.76,77,3
25,1,94,6.129062681729312,60,0
42,1,113,7.1,73,3
34,0,98,5.55,61,1
38,0,82,5.56,45,0
74,5,129,8.36,78,7
59,5,111,7.73,78,6
52,2,99,6.43,64,2
34,3,105,5.66,55,1
43,3,101,6.706847904449403,65,2
54,3,112,7.11,80,4
34,1,86,7.120879859220035,48,1
47,4,113,7.477988166431819,68,4
45,4,115,7.292379412203546,70,4
71,5,132,9.264345766580213,76,7
61,3,119,7.17,82,5
60,1,98,7.01,69,3
29,0,98,5.51,66,1
62,4,106,7.43,82,4
88,10,143,9.146985970938655,85,9
99,9,142,9.33,85,9
53,2,125,7.71,80,5
33,1,100,6.53,68,2
48,4,111,6.85,61,4
40,1,86,5.82,58,1
49,0,96,6.37,61,1
67,3,124,7.73,74,5
50,2,102,6.849173528459455,77,4
62,3,111,7.694972580307736,71,6
88,5,124,9.2,90,8
32,2,82,6.09,45,0
76,5,139,8.62,83,8
92,8,140,9.86,86,9
97,7,146,9.3,95,9
79,5,127,9.12,85,8
63,3,105,7.14,63,4
85,4,130,7.88,86,7
56,3,118,7.65,73,5
81,6,134,8.29,75,7
20,2,89,6.49,48,0
47,3,106,7.65,69,4
68,3,111,7.37732824568235,79,5
52,3,103,6.231770826018631,61,2
43,4,109,6.67,71,3
31,1,80,6.22,60,0
59,3,106,7.37,66,5
69,7,123,8.16,85,7
83,6,133,8.45,76,7
88,7,141,9.6,95,9
78,6,134,8.17,86,7
50,3,110,6.84,70,2
78,8,127,9.2,95,8
38,1,105,6.82,69,1
69,4,129,8.06,80,6
30,3,104,6.14,50,2
63,6,115,7.878690771378159,72,6
74,6,125,7.47,81,6
75,5,122,8.6,80,7
45,1,95,5.39,62,0
90,9,138,9.61,99,9
90,9,145,9.33,96,9
27,2,90,6.15,61,1
47,1,112,6.42,74,3
61,4,122,7.14,70,5
28,0,88,5.15,61,0
28,0,96,6.81,49,1
25,2,96,6.12,41,0
21,0,80,6.1,57,0
87,8,122,8.42,91,8
87,9,138,9.93,90,9
73,5,130,8.54,92,7
91,5,129,8.96,91,8
43,4,99,7.41,63,3
73,4,118,8.57,78,7
90,6,127,9.01,87,8
47,6,123,7.72626950472866,72,6
98,6,139,9.53,92,9
63,5,124,8.28,78,6
26,0,99,5.978591527892674,52,0
99,8,138,8.96,97,9
34,2,98,6.22,56,0
62,2,110,8.0,71,5
35,2,82,5.09,62,0
54,2,98,6.94,72,2
42,3,108,6.27,59,2
68,3,123,7.54,86,6
85,8,133,9.34,83,8
83,4,135,8.452748876040658,76,7
31,2,93,6.37,70,2
24,1,97,5.42,53,0
68,5,123,7.8,65,5
77,8,120,9.36,94,8
31,3,93,7.05,74,2
92,8,121,8.92,82,8
99,8,147,8.83,94,9
36,3,90,6.05,66,2
70,6,128,7.35,80,6
79,5,130,7.81,81,7
90,6,128,9.31,90,8
66,5,132,7.83,80,7
55,1,101,6.88,64,3
51,2,119,7.51,69,5
44,3,98,6.43,66,2
31,2,92,5.3,65,0
26,0,86,5.6,63,1
48,1,103,6.83,70,1
59,6,116,8.26,77,6
60,4,124,7.43,76,6
70,2,108,7.8,80,5
83,6,121,8.9,90,8
61,3,125,8.18,80,6
41,2,93,6.17,54,0
60,4,113,6.6159995432388214,59,3
65,3,112,7.24,69,4
98,6,131,9.54,99,9
60,5,106,7.5,80,5
60,6,119,7.7,85,6
53,2,90,6.99,53,2
65,5,122,7.62,85,6
62,5,118,7.2,82,5
67,5,112,7.83,84,6
81,8,128,9.06,83,8
38,1,93,5.62,64,0
40,2,92,6.99,66,2
60,6,124,7.76,79,6
76,7,129,8.38,88,7
51,3,105,7.91,70,5
50,2,107,6.8,67,4
61,2,115,7.51,81,5
88,10,134,9.52,93,9
23,1,86,5.72,45,0
79,3,126,7.393890629992716,78,6
30,1,87,6.9,56,1
65,5,116,8.14,77,7
67,2,107,7.26,70,5
70,5,108,7.02,71,5
65,4,130,7.35,78,6
49,3,120,7.65,67,4
46,3,113,6.94,55,3
41,2,88,5.68,57,1
84,4,120,8.41,88,7
82,4,116,7.86,85,7
45,4,106,7.31,64,4
71,5,120,8.37,89,7
87,7,148,9.31,87,9
40,0,95,5.79,57,0
58,3,121,7.7,75,6
38,0,97,5.15,51,0
62,3,116,7.73,82,5
45,4,111,7.57,67,4
36,2,95,6.07,68,2
44,0,96,5.68,40,0
89,8,138,9.61,87,9
79,5,116,8.1,88,7
39,0,101,5.93,56,1
26,0,100,6.46,55,0
23,1,95,5.24,61,0
39,1,99,6.65,69,1
57,2,111,7.93,73,5
55,4,120,7.53,76,6
92,6,135,9.31,86,9
59,3,110,7.63,60,4
51,6,127,7.186493628830247,72,6
26,1,84,5.62,52,0
86,8,148,9.479758957657582,98,9
75,3,125,7.85,87,6
71,4,118,8.59,82,7
44,0,88,6.13,53,0
67,4,108,7.1173664620191115,78,5
61,6,119,7.68,72,6
50,1,103,6.56,69,3
36,1,87,6.4,43,0
45,1,107,6.55,67,2
40,2,96,5.4818121220687726,59,2
75,4,125,8.28,81,7
69,5,115,7.71,88,6
53,2,92,5.5738645192971195,56,1
66,3,113,7.81,67,5
85,8,137,8.83,95,9
61,3,122,7.45,86,6
41,4,98,6.88,64,3
76,6,117,8.34,78,7
44,2,104,6.59,45,1
45,3,104,7.37,70,3
86,6,140,8.71,81,8
49,1,91,6.87,60,2
63,3,116,7.41,79,6
26,1,97,6.913140960585761,69,2
45,1,93,6.77,60,1
39,1,93,6.77,55,1
35,1,80,5.69,42,0
36,3,95,6.31,69,2
30,3,104,6.16,70,2
67,2,114,7.95,65,5
80,5,130,9.27,96,8
88,6,142,8.69,85,8
41,1,90,5.8,47,1
62,5,130,7.75,72,6
76,5,127,8.39,83,7
79,8,126,8.64,88,8
47,2,108,6.48,61,2
56,4,101,6.45,75,3
46,4,114,7.75,75,4
79,8,127,9.24,92,8
70,5,122,8.135620049099233,81,6
91,6,139,9.44,96,9
78,8,140,9.02,80,8
32,2,102,7.2,69,2
22,1,90,5.92,56,0
67,4,123,7.56,79,6
69,4,130,8.38,89,7
81,6,121,8.08,82,7
73,4,113,7.6,86,6
55,3,124,7.84,80,6
58,3,110,7.024802883733953,69,4
31,2,96,6.93,61,2
37,3,90,6.26,62,2
84,5,126,8.55,81,7
57,3,118,7.31,72,6
50,4,107,7.44,62,3
59,2,110,6.253481448480748,51,2
48,2,102,7.07,74,4
53,3,120,7.66,72,4
50,1,102,6.22,54,1
39,1,94,6.71,57,2
40,0,89,5.72,61,0
82,7,125,8.996559995892659,84,8
56,4,100,6.665934779841067,61,3
39,0,89,5.07,45,0
50,4,110,6.62,61,3
88,10,128,9.29,97,9
45,1,105,6.31,75,3
68,4,108,7.04,75,5
71,3,130,7.89,83,6
53,5,114,7.49,79,5
55,4,111,8.24,79,6
98,9,138,9.44,96,9
51,4,110,6.6,78,3
26,1,99,6.33,49,1
47,4,106,7.15,67,3
26,0,103,6.86,70,1
57,5,108,7.75,65,5
40,2,108,7.26,56,3
85,5,122,8.45,95,8
35,3,92,6.05,64,2
70,5,123,7.92,88,6
59,4,126,8.16,88,6
58,2,117,7.5,80,5
62,2,115,7.45,76,4
76,7,131,8.08,85,7
42,3,110,7.03,50,2
35,3,92,6.76,67,1
86,8,141,9.72,95,9
52,1,103,7.04,50,2
32,2,98,6.663301371294869,49,1
34,0,83,5.51,41,0
61,4,119,7.36,76,5
54,3,115,7.97,74,5
41,2,101,6.02,51,1
59,5,116,7.02,72,5
63,6,130,8.125561389584218,87,7
78,8,140,9.3,92,8
51,3,109,7.45,65,4
72,5,112,7.88,82,6
69,2,120,7.54,77,5
47,2,100,6.48,52,2
41,0,88,5.52,40,0
92,6,121,8.39,93,8
56,5,119,7.62,86,6
88,7,136,9.21,98,9
47,2,117,7.21,64,4
90,10,140,9.21,87,9
39,2,95,5.99,51,0
92,8,134,9.506087047112478,89,9
67,5,116,8.47,91,7
49,0,105,5.79,65,1
83,8,129,9.0,82,8
98,10,142,9.71,89,9
75,5,114,8.22,80,6
44,0,97,6.96,46,1
53,1,104,6.5,60,3
75,5,115,7.88,73,6
75,7,125,8.88,95,8
51,1,95,6.45,50,2
90,10,138,8.96,92,9
62,4,110,7.47,61,4
99,10,128,9.7,96,9
37,2,107,6.39,58,2
76,4,124,8.74,87,7
29,1,94,6.6,58,1
81,4,132,8.22,80,7
40,1,109,7.24,61,3
36,2,94,6.46,51,2
80,5,129,8.93,90,8
90,9,128,9.6,92,9
24,0,82,5.94,48,0
57,3,105,6.3,79,3
94,7,136,9.36,90,9
22,1,83,6.19,61,0
67,6,130,8.24,91,7
40,1,95,5.82,52,0
90,7,138,9.15,92,8
41,1,92,5.22,56,0
64,5,126,7.82,71,6
93,10,148,10.0,89,9
86,6,140,8.76,96,8
22,2,87,5.64,46,0
83,6,135,8.7,95,8
46,3,104,6.66,52,1
61,4,127,7.8,73,6
48,0,98,6.83,45,1
58,4,101,7.04,65,4
31,1,109,6.06,52,2
90,6,124,8.77,91,8
53,2,110,7.31,83,5
76,5,135,8.66,89,7
36,3,104,6.91,68,1
68,3,119,7.74,75,5
71,3,110,8.515197170101729,88,6
25,0,86,5.81,63,1
47,2,98,6.32,56,3
68,4,122,7.87,83,5
59,2,115,7.31,72,5
32,1,109,6.98,71,2
47,1,104,6.15,54,2
58,4,123,7.95,87,6
86,7,141,9.01,94,9
30,0,86,5.59,45,1
67,5,123,8.71,83,7
80,6,130,8.84,95,8
53,3,105,7.7,68,4
88,8,131,8.7,93,8
69,5,125,7.5,78,5
54,1,101,6.98,63,2
75,8,125,8.79,94,8
33,1,99,6.13,60,0
23,2,91,5.35,55,0
40,2,82,5.98,52,0
47,3,96,7.0,58,3
65,4,119,7.2155665967920015,65,5
59,2,103,7.22,75,4
29,0,99,6.71,55,1
58,3,112,7.16,64,3
71,2,114,7.9091740642008155,62,4
39,2,102,6.47,69,1
92,5,132,8.42,96,8
20,2,93,5.37,60,0
66,4,106,7.750907922786874,55,3
92,7,130,9.849487604439624,92,9
59,1,102,6.39,65,3
78,7,128,8.65,85,8
57,5,112,7.75,81,5
86,8,133,9.83,97,9
58,2,110,7.1,70,4
44,2,103,6.14,52,1
84,8,127,9.11,91,8
50,1,104,6.84,64,1
42,1,92,5.72,63,1
34,3,88,5.7,70,1
71,5,112,7.63,70,6
85,8,148,8.94,95,9
50,1,99,6.63,72,3
50,1,85,6.2,51,1
58,3,118,7.46,64,4
70,2,107,7.61,66,5
58,3,97,7.1,65,3
35,0,85,5.67,57,0
79,4,122,8.19,89,7
22,0,83,5.63,62,0
27,1,82,5.97,55,0
60,5,106,7.22,66,5
65,3,117,8.14,77,6
70,3,111,7.22483263046172,80,6
72,6,134,8.44,76,7
49,3,112,8.135953658385215,82,6
68,7,130,7.93,92,7
43,4,114,6.76,77,3
59,4,115,7.25,75,5
23,2,82,5.85,59,0
25,0,84,5.63,59,0
26,1,98,6.669741459178958,68,2
58,3,119,7.44,65,5
78,8,134,8.48,95,8
52,3,115,6.45,69,3
47,3,97,7.5,80,3
92,8,125,8.31,96,8
49,3,96,7.16,67,3
57,5,108,7.2,67,5
62,2,108,7.69,69,4
47,3,112,6.33,72,3
31,2,103,6.63,70,1
79,5,130,9.787909585627075,93,8
68,4,130,7.8,71,6
48,2,101,5.62,69,1
58,4,110,7.7,76,5
90,8,148,9.23,92,9
49,2,118,7.12,76,4
54,2,110,7.31,64,4
51,3,100,6.17,57,2
54,2,100,6.98,56,3
33,1,82,5.402122926347045,41,0
65,3,108,7.58,66,4
57,6,113,8.05,71,6
49,2,106,6.78,56,2
77,5,136,8.95,83,8
29,2,104,5.55,53,1
75,7,116,8.948716920111842,82,7
25,0,95,6.71,48,1
75,6,124,7.77,80,6
49,3,97,7.49,60,3
23,1,98,5.09,56,0
30,1,97,6.81,64,2
52,2,100,6.91,62,4
89,8,135,8.83,85,9
55,3,116,6.89,72,4
40,2,95,6.78,61,2
30,2,88,5.72,62,0
46,1,97,6.27,48,1
49,2,105,7.18,52,2
92,7,146,9.27,89,9
98,8,142,9.12,96,9
50,1,107,6.31,51,2
53,3,108,7.68,68,5
79,5,118,8.11,85,7
30,0,91,5.39,58,0
34,1,95,5.47,44,0
58,4,129,7.94,80,6
69,2,118,7.021941798479335,82,5
88,7,139,9.2,92,9
65,5,123,7.32,73,6
70,5,117,7.28,68,5
91,8,120,8.87,81,8
38,3,93,6.23,71,2
100,7,140,9.88,86,9
61,2,107,6.87,82,4
97,8,136,9.32,91,9
75,7,135,9.18,84,8
73,7,116,8.25,86,7
56,6,128,7.81,71,6
79,5,125,8.74,81,8
44,3,108,6.27,62,2
43,1,90,6.46,59,1
64,2,118,7.49,70,4
61,7,118,8.208632797816477,79,7
69,3,117,7.7,79,5
53,4,111,6.9,75,4
35,5,116,6.571782778546432,80,5
53,3,118,7.17,69,5
61,5,125,7.2,70,5
48,2,93,6.87,51,2
40,0,97,6.695652028245025,50,1
90,10,133,9.29,90,9
63,4,112,7.34,80,5
34,3,85,5.71,64,1
68,5,134,8.78,83,7
28,1,80,6.08,59,0
42,1,83,6.5,45,0
58,6,130,8.08,87,6
67,7,129,8.46,90,7
44,3,110,6.88,57,3
54,2,101,7.23,61,3
29,0,84,5.63,51,0
38,1,93,6.36,49,1
54,2,123,7.41,75,5
93,9,133,9.47,94,9
74,3,112,6.628734470048342,65,5
37,0,97,6.2986103792291,48,1
90,7,141,9.53,94,9
69,7,123,8.0,83,7
44,2,105,5.58,53,1
21,0,92,6.31,61,0
98,6,134,9.36,85,9
26,0,105,5.63,69,1
88,7,131,9.31,84,8
92,8,139,9.39,92,9
52,3,108,7.71,67,4
84,8,135,8.44,83,8
43,3,110,7.04,62,2
59,5,120,7.75,84,6
22,0,92,5.74,65,0
75,5,129,8.51,81,7
56,3,116,8.439881534106693,66,5
85,10,145,9.67,88,9
54,1,110,7.19,73,2
98,7,140,8.88,98,9
70,4,101,6.228936473252951,76,3
58,4,97,6.4503581261660585,78,3
68,4,124,8.0,77,6
45,3,88,6.56,47,1
82,6,124,8.09,76,7
33,3,90,6.8,56,2
55,3,100,6.01,52,2
72,3,116,7.79,72,6
69,5,118,8.22,83,6
58,2,100,6.99,78,4
38,1,100,5.5,68,1
38,3,92,6.42,63,2
53,4,107,7.21,76,4
71,7,115,8.61,82,7
51,3,101,7.08,50,2
41,1,107,7.1,58,2
51,1,93,6.94,59,2
81,5,131,7.81,89,7
91,6,131,9.58,94,9
44,1,89,6.96,68,1
51,3,102,7.06,51,2
56,2,95,7.12,66,3
69,4,128,7.9,86,6
92,7,127,8.734837267543853,85,8
52,2,86,6.821115971644392,45,1
29,3,92,6.25,62,1
36,2,84,5.65,46,0
48,1,109,7.01,74,3
91,6,128,8.99,82,8
27,2,96,5.35,65,0
24,1,81,6.06,45,0
50,2,106,6.5,66,3
34,3,108,6.45,68,2
38,3,102,6.03,72,2
77,7,126,8.95,94,8
92,7,136,9.59,94,9
46,0,90,6.46,65,1
100,8,130,9.45,98,9
35,1,83,6.04,61,0
57,1,105,6.71,72,3
50,2,109,7.8,68,4
96,6,131,9.49,93,9
57,3,111,7.14,80,5
50,3,93,6.68,63,1
48,3,93,6.44,59,2
88,5,122,8.76,80,8
41,1,93,7.0,74,2
88,7,142,8.34,86,8
55,6,113,8.09,85,6
87,10,140,9.13,92,9
51,5,114,7.91,79,5
72,6,121,8.18,76,6
65,2,107,6.82,74,4
31,2,91,6.74,57,2
33,1,95,6.06,51,1
50,1,111,7.24,67,3
20,2,93,5.57,63,0
47,2,113,7.64,61,4
41,3,103,6.87,52,2
81,5,119,8.56,86,7
67,4,124,8.05,87,7
67,5,125,7.51,87,6
91,7,126,9.35,95,8
82,5,123,7.81,86,7
66,6,116,8.27,72,6
28,0,100,6.68,67,1
79,7,122,8.48,94,8
33,0,104,6.96,67,1
52,2,113,7.07,63,3
51,2,102,7.093500410721057,60,2
32,1,83,5.22,63,0
70,4,117,7.66,77,5
28,1,89,6.97,60,1
81,4,127,7.82,80,7
26,2,80,6.35,49,0
42,2,100,5.21,51,0
69,4,121,7.13,65,5
50,3,95,6.68,57,2
45,2,119,7.61,79,4
43,1,105,5.63,66,1
43,1,89,6.0,65,1
76,4,135,8.59,90,7
72,4,122,8.16,73,6
60,4,129,8.16,74,6
84,6,123,8.4,81,7
72,7,117,8.69,90,7
46,4,107,7.42,69,3
67,5,112,7.64,69,5
95,8,142,9.19,85,9
43,1,93,6.89,53,1
59,6,127,7.37,79,6
48,2,118,6.95,82,4
58,4,114,8.11,77,6
61,6,111,7.77,76,6
48,3,102,7.44,68,4
50,4,104,6.31,70,3
54,3,109,7.019306096908181,60,2
75,7,123,8.48,80,7
73,6,129,8.26,74,6
29,0,88,6.158416534980169,54,0
77,8,142,9.01,84,8
98,9,132,9.8,99,9
60,3,100,6.85,81,4
45,2,82,5.77,52,0
46,1,96,6.51,66,2
24,1,98,5.28,42,0
79,7,127,8.72,96,8
34,1,89,5.37,45,0
59,6,130,7.92,70,6
45,4,104,7.23,62,4
33,3,99,6.01,65,2
53,4,110,6.51,57,3
61,3,107,7.83,83,5
30,2,81,5.39,62,0
73,5,131,7.83,82,7
67,6,117,7.92,78,7
45,1,104,6.47,69,2
52,2,106,7.16,71,4
66,6,113,7.53,79,6
28,2,96,5.64,57,1
60,1,101,6.86,78,3
50,4,115,6.7,57,3
83,6,117,8.61,90,7
69,4,105,7.39,70,5
24,1,91,5.56,43,0
65,4,116,7.38,74,4
70,3,114,7.52,80,5
66,1,99,6.965551322099362,60,2
50,4,122,7.06,76,5
45,3,111,6.5,64,3
61,3,102,6.91,62,4
56,3,125,7.39,65,5
58,4,101,7.29,60,4
36,3,86,6.31,51,1
56,2,123,7.79,85,5
49,0,85,6.02,48,1
86,6,131,8.85,93,9
95,8,135,9.65,85,9
45,3,105,7.05,75,2
27,0,98,5.45,55,0
55,2,100,7.03,62,4
91,9,142,9.97,86,9
88,6,131,8.67,81,8
46,3,106,7.14,73,2
62,4,116,7.15,81,5
86,9,148,9.92,98,9
47,2,107,6.74,63,2
30,0,92,5.98,42,0
59,6,118,7.57,77,6
28,2,102,5.84,63,1
97,10,133,9.54,97,9
50,5,112,7.35,79,5
45,2,104,6.36,67,2
48,1,108,6.77,71,3
50,4,98,6.35,66,3
76,7,128,8.73,89,8
96,7,131,9.52,97,9
39,1,106,6.88,53,2
56,3,125,7.38,88,6
30,3,104,6.49,62,2
69,2,108,7.73,80,5
64,5,123,7.67,67,5
41,1,97,6.68,63,2
87,5,128,8.41,88,8
34,3,90,6.03,62,2
43,1,86,5.66,45,0
43,2,97,6.67,49,1
25,0,95,6.02,52,0
42,2,96,6.39,50,2
55,1,103,5.991299178697145,45,1
92,8,137,8.41,81,8
60,2,108,7.52,71,5
34,0,88,5.55,50,0
32,1,96,6.5,70,1
55,2,114,7.28,81,4
93,10,141,9.92,97,9
79,6,128,8.11,92,7
48,4,107,6.49,68,3
26,0,88,6.35,52,0
97,7,127,9.31525316977763,84,8
35,0,97,5.09,46,0
59,5,106,7.22,71,5
62,4,127,8.11,86,6
77,5,131,8.95,85,8
51,1,105,6.76,60,3
50,3,117,7.55,60,4
73,5,121,7.69,73,6
75,5,127,8.06,88,6
50,2,100,7.71,77,4
50,1,98,6.44,70,3
31,1,101,6.06,74,2
82,5,124,8.75,80,8
48,2,94,6.01,58,2
31,3,109,6.84,57,2
42,4,97,6.54,68,3
89,5,124,8.156494961975651,75,7
45,0,87,6.23,63,0
49,2,109,7.55,78,4
59,3,120,7.73,68,5
75,4,122,8.52,85,7
63,5,120,7.97,68,5
92,6,129,8.35,95,8
22,1,89,6.15,59,0
52,1,92,6.24,67,2
65,2,114,6.83,70,4
87,5,135,8.35,91,8
54,3,112,7.52,64,4
59,5,118,8.0,76,6
36,0,86,5.74,46,0
65,5,127,7.33,87,6
58,4,118,7.56,67,4
70,3,125,7.79,74,5
30,2,91,6.91,52,1
84,5,141,8.33,83,8
40,2,99,6.06,58,1
76,8,128,8.47,80,8
33,0,97,5.18,49,0
94,8,137,8.88,98,9
41,4,111,7.24,57,3
79,5,130,9.04,82,8
57,3,99,6.54,80,3
31,0,96,5.79,65,0
29,1,88,6.11,60,0
78,7,133,8.64,91,8
88,6,138,8.68,86,8
71,4,116,8.06,81,6
96,9,130,9.72,96,9
34,2,104,5.65,49,1
85,7,120,8.33,84,7
59,5,124,7.81,76,6
77,6,131,9.1,81,8
41,0,97,5.86,50,0
45,0,84,6.41,60,0
69,7,132,8.13,84,7
70,5,124,7.35,79,6
44,0,101,6.86,64,1
74,5,127,7.48,85,6
92,7,128,9.97,90,9
51,4,110,7.16,62,4
57,3,129,7.43,86,6
92,7,137,8.55,84,8
49,3,103,6.54,57,1
77,7,139,8.61,95,8
75,6,120,7.87,87,6
77,8,120,8.34,90,8
42,2,92,6.15,63,0
59,4,112,7.41,81,5
56,6,116,7.37,84,6
40,1,95,6.97,57,3
100,7,139,7.763383359853874,89,8
56,3,109,7.09,63,3
93,10,140,9.09,97,9
86,7,146,9.58,86,9
48,3,100,7.3,70,3
45,2,109,6.51,75,3
53,1,115,7.17,75,3
39,1,102,6.85,72,2
72,7,128,8.1,90,7
54,1,101,7.15,70,3
98,6,146,9.91,92,9
90,6,133,8.882758205420613,89,9
43,2,86,6.22,50,0
96,8,149,9.46,97,9
24,2,95,6.68815591672174,53,1
71,7,134,7.95,90,7
91,8,146,9.75,89,9
44,3,101,6.64,62,2
56,5,119,8.08,76,6
79,8,129,8.61,85,8
84,8,127,8.74,86,8
66,5,119,8.58,86,7
49,4,112,7.8,77,4
86,9,138,9.64,86,9
86,6,135,9.43,92,9
44,3,107,6.42,66,3
42,0,102,6.47872447869457,66,1
31,0,89,5.35,41,0
58,2,108,7.81,67,5
36,1,91,5.2,60,0
44,4,107,7.36,80,3
96,8,135,9.95,88,9
90,6,142,9.58,85,9
26,2,101,6.56,65,1
63,3,117,7.97,75,5
78,5,115,7.744992234494442,80,7
76,5,140,8.65,82,8
44,3,98,6.27,46,1
100,6,146,9.96,97,9
82,5,138,8.51,85,8
51,2,99,7.09,56,3
29,1,96,6.44,60,1
59,4,104,6.9,71,3
33,1,97,6.31,56,2
50,4,103,7.080360294625949,69,3
48,4,108,6.49,56,3
92,8,129,9.6,99,9
64,3,110,7.2,85,5
61,6,119,8.05,76,6
67,4,126,7.87,79,7
62,3,121,7.76,78,5
91,8,141,8.93,92,9
31,0,94,5.53,59,0
47,3,103,7.15,73,4
48,4,102,7.12,77,4
56,5,109,7.96,75,5
55,4,101,6.87,67,4
40,1,92,6.02,56,2
29,2,86,6.47,50,0
43,4,108,6.79,64,3
91,7,125,9.15,89,8
30,2,95,7.138381611428586,55,0
54,2,92,6.9,60,2
39,2,95,7.15,66,2
60,1,107,7.29,60,3
50,4,112,6.82,66,4
93,8,133,9.88,87,9
60,4,104,6.46,77,3
96,8,142,9.2,93,9
59,4,109,7.55,84,5
82,5,132,8.71,76,7
53,3,117,7.25,65,5
80,5,126,8.13,79,7
38,2,94,5.43,52,0
36,1,93,6.81,52,2
41,3,110,6.76,51,2
94,8,147,9.76,98,9
58,4,117,7.07,62,4
65,3,112,7.57,73,6
62,3,124,7.51,72,6
45,2,118,7.58,63,4
54,3,114,7.43,68,5
64,4,117,7.26,70,5
51,3,115,7.85,79,5
74,6,128,8.44,84,7
63,6,128,8.16,75,6
61,2,116,7.66,82,5
89,10,133,9.69,86,9
32,2,104,5.59,57,1
92,10,131,8.89,86,9
42,3,101,7.32,62,3
53,3,111,6.97,81,4
50,2,105,7.69,71,4
21,1,97,5.59,52,0
31,3,95,6.4,57,1
55,4,103,7.2662618638492145,76,4
75,3,117,7.941710089498633,85,5
90,8,128,8.86,100,9
56,2,107,7.26,77,4
63,5,110,8.03,79,6
46,4,112,7.03,74,4
45,4,104,7.43,81,4
82,7,130,7.82,86,7
53,4,114,6.85,65,3
55,5,120,7.32,83,6
55,3,99,6.61,58,3
65,2,125,7.16,74,5
70,6,114,7.91,83,6
71,3,110,7.67,83,6
54,3,114,7.67,68,5
53,2,102,7.42,82,4
42,1,107,6.77,73,3
53,4,101,7.7,70,4
60,2,109,7.8,74,4
64,5,113,7.51,80,6
26,0,87,6.13,58,1
57,6,110,7.62,73,6
78,5,126,9.005733131335997,92,8
54,4,112,7.27,58,3
63,3,118,7.44,76,6
48,2,106,6.9,52,2
54,4,111,6.9,79,4
28,0,82,6.35,50,0
59,4,118,7.91,73,6
40,1,97,6.35,76,3
51,1,106,7.17,78,3
55,4,101,7.66,71,4
61,4,123,7.82,85,6
84,8,130,9.37,83,8
96,10,128,9.77,85,9
58,4,112,8.04,84,6
52,1,103,7.09,52,2
49,2,100,6.1359865372777564,55,3
56,5,123,8.313247200153548,74,5
64,5,112,7.44,80,6
59,4,122,7.69,70,5
47,3,100,6.92,47,1
57,2,97,6.819729882391411,45,1
47,4,113,7.71,78,4
39,0,93,6.99,65,1
66,5,122,7.29,77,5
65,4,119,8.12,81,6
35,3,95,6.38,64,2
46,4,116,6.94,65,4
55,4,118,7.48,70,4
88,10,141,9.12,89,9
66,4,129,7.93,77,6
44,3,94,7.13,58,2
43,2,107,6.29,56,2
56,2,109,6.83,74,4
78,6,140,8.88,86,8
53,3,116,7.0,78,4
48,2,102,6.54,69,3
72,4,129,8.39,78,7
46,2,109,7.71,81,4
72,6,129,8.03,88,6
60,3,105,7.31,80,4
66,5,125,7.53,77,6
60,4,114,7.3,79,3
48,3,117,7.51,62,4
39,3,108,6.51,61,2
64,4,108,7.4,67,4
84,5,134,8.36,87,7
48,2,95,6.79,55,3
67,3,110,7.88,70,6
30,2,95,6.84,50,1
53,1,91,6.49,69,2
58,1,98,6.9,79,3
45,0,99,6.96,55,1
74,5,133,8.04483265843187,84,7
93,7,146,9.28,91,9
46,2,110,6.67,68,2
74,4,108,7.480757155756112,72,4
36,2,105,6.48,74,2
60,3,108,7.25,81,5
49,4,103,7.15,63,3
78,4,123,7.808697663580265,87,6
52,2,106,7.6,81,4
81,8,125,8.4,83,8
61,6,121,7.88,84,6
49,2,120,7.01,68,4
97,6,132,9.74,94,9
78,7,122,8.68,88,7
55,3,98,6.21,55,2
89,5,129,9.18,95,8
65,2,114,7.33,81,4
65,3,124,7.91,75,6
24,1,99,6.686105762030577,67,2
100,9,134,9.21,93,9
56,4,110,8.02,74,6
49,2,119,7.12,75,4
88,10,142,9.09,99,9
96,10,150,8.83,99,9
86,5,127,8.81,86,8
37,0,94,6.81,68,1
37,1,85,6.79,64,1
43,0,86,6.1,62,1
47,4,101,7.42,75,4
66,5,120,7.95,84,6
26,2,95,6.65,64,1
50,2,97,6.72,69,3
95,10,133,9.7,99,9
75,5,128,7.4,86,6
50,3,104,5.037585244107977,54,1
88,6,140,9.19,85,9
48,2,108,6.1781295814975135,57,2
57,4,97,6.63,66,3
46,2,110,7.51,80,4
55,2,118,7.42,69,5
65,4,117,7.8,83,7
56,2,113,7.25,67,5
50,5,122,7.68,67,5
89,5,125,8.45,89,8
66,5,112,7.37,73,6
25,3,98,6.54,61,1
49,1,96,7.4385244898025755,50,2
40,1,89,6.95,48,1
63,3,123,8.01,70,6
60,2,115,6.86,70,3
58,6,129,7.62,86,6
85,7,123,9.32,92,8
59,7,135,8.225168128785135,81,7
57,4,113,6.47,68,3
78,7,125,8.2,91,7
25,0,91,5.42,56,0
53,1,110,6.58,69,2
26,2,95,5.53,40,0
99,6,129,9.85,89,9
99,8,128,9.48,96,9
67,5,118,7.46,65,5
59,4,111,7.55,84,5
36,0,89,5.792342787026139,55,0
29,0,91,5.56,65,1
63,3,108,6.98,64,4
37,0,80,5.02,63,0
62,3,101,6.83,60,4
58,2,102,6.4,60,3
75,4,116,8.59,82,7
88,7,141,9.79,99,9
27,0,98,6.44,64,0
98,9,149,8.88,90,9
34,2,108,7.116230274726568,60,2
69,4,128,7.42,71,6
58,2,97,7.4,56,3
37,3,109,6.31,72,2
84,7,117,8.65,90,7
21,2,83,6.42,60,0
92,10,128,9.32,91,9
52,2,97,7.2,62,2
68,5,120,7.36,78,6
70,5,129,8.69,86,7
69,7,119,7.85,80,7
77,5,135,9.27,92,8
46,3,108,7.45,78,4
60,3,105,7.71,73,4
52,2,115,7.24,72,5
61,5,119,7.55,70,5
72,7,124,8.71,92,7
38,3,103,6.29,61,2
34,0,83,5.01,47,0
90,7,126,9.39,90,8
51,3,111,7.02,83,5
87,8,140,9.17756092425998,94,8
80,7,135,8.51,84,7
49,3,105,6.61,63,3
41,2,98,6.61,59,1
53,1,92,6.97,62,2
82,8,131,9.31,82,8
54,3,120,7.34,68,5
56,6,130,7.75,70,6
65,2,105,7.55,69,4
55,4,115,6.92,68,4
55,5,120,7.409112832877998,65,5
78,6,126,8.75,87,7
50,2,119,6.97,66,4
34,2,90,6.67,53,2
59,5,116,7.88,80,6
54,3,109,7.47,55,3
81,4,135,8.4,92,7
33,1,91,6.92,68,1
63,4,130,8.11,87,6
58,3,115,6.763296015865766,67,5
86,5,120,8.93,92,8
82,5,121,9.23,82,8
44,3,93,5.76,49,1
79,5,132,9.2,88,8
82,5,135,8.69,92,7
64,4,101,7.55,82,4
41,1,107,7.13,65,3
50,4,107,6.9,65,3
56,3,128,7.34,75,6
65,5,122,8.29,71,6
75,8,121,9.08,86,8
83,5,126,8.79,86,7
29,3,108,6.793350943622329,60,2
59,3,115,7.74,73,4
60,1,102,6.41,61,3
31,2,99,6.24,72,2
56,3,113,6.94,75,3
43,2,110,6.62,72,3
85,6,120,8.29,82,7
78,4,119,7.99,86,7
24,0,81,5.0,44,0
88,7,128,9.33,100,9
56,5,113,8.2,75,6
86,5,140,8.8,90,8
37,3,102,6.77,69,1
80,4,119,7.93,81,7
75,5,115,8.59,92,7
53,2,115,7.25,85,5